{
  "method": "ewc_only",
  "lambda_ewc": 1000,
  "results_matrix": [
    [
      0.6750823271130626,
      null,
      null,
      null
    ],
    [
      0.0765642151481888,
      0.6895718990120746,
      null,
      null
    ],
    [
      0.0570801317233809,
      0.0,
      0.6095865349432857,
      null
    ],
    [
      0.002469813391877058,
      0.0,
      0.0,
      0.5273639642465109
    ]
  ],
  "bwt": -0.6572569825588487,
  "avg_acc": 0.13245844440959698
}