{
  "method": "finetune",
  "results_matrix": [
    [
      0.672886937431394,
      null,
      null,
      null
    ],
    [
      0.0,
      0.4698133918770582,
      null,
      null
    ],
    [
      0.0,
      0.0,
      0.41072081961214785,
      null
    ],
    [
      0.0,
      0.0,
      0.0,
      0.37776383879567194
    ]
  ],
  "bwt": -0.5178070496402,
  "avg_acc": 0.09444095969891798
}