{
  "method": "ewc_replay_hybrid",
  "lambda_ewc": 1000,
  "buffer_size_per_class": 200,
  "results_matrix": [
    [
      0.6759055982436882,
      null,
      null,
      null
    ],
    [
      0.6627332601536773,
      0.5306256860592755,
      null,
      null
    ],
    [
      0.6361141602634468,
      0.5394072447859495,
      0.4088913282107574,
      null
    ],
    [
      0.6580680570801317,
      0.5653128430296378,
      0.34979875594584703,
      0.3835659400972244
    ]
  ],
  "bwt": -0.01408098548603487,
  "avg_acc": 0.48918639903821026,
  "fwt": 0.0,
  "overall_metrics": {
    "acc": 0.46557229817383494,
    "far": 0.34796926454445665,
    "fdr": 0.9486174272123779,
    "per_class_acc": [
      0.6520307354555434,
      0.8254665203073546,
      0.8166849615806806,
      0.3380900109769484,
      0.7716794731064764,
      0.34906695938529086,
      0.6289791437980241,
      0.7903402854006586,
      0.2864983534577388,
      0.3446761800219539,
      0.150384193194292,
      0.15587266739846323,
      0.49176728869374314,
      0.141602634467618,
      0.814489571899012,
      0.36882546652030734,
      0.39846322722283206,
      0.7771679473106476,
      0.12184412733260154,
      0.5532381997804611,
      0.36882546652030734,
      0.09659714599341383
    ]
  },
  "per_task_metrics": {
    "0": {
      "acc": 0.6580680570801317,
      "far": 0.34796926454445665,
      "fdr": 0.7219173069886572,
      "per_class_acc": [
        0.6520307354555434,
        0.8254665203073546,
        0.8166849615806806,
        0.3380900109769484
      ]
    },
    "1": {
      "acc": 0.5653128430296378,
      "far": 0.0,
      "fdr": 1.0,
      "per_class_acc": [
        0.7716794731064764,
        0.34906695938529086,
        0.6289791437980241,
        0.7903402854006586,
        0.2864983534577388
      ]
    },
    "2": {
      "acc": 0.34979875594584703,
      "far": 0.0,
      "fdr": 0.9595682400292719,
      "per_class_acc": [
        0.3446761800219539,
        0.150384193194292,
        0.15587266739846323,
        0.49176728869374314,
        0.141602634467618,
        0.814489571899012
      ]
    },
    "3": {
      "acc": 0.3835659400972244,
      "far": 0.0,
      "fdr": 0.9996863729026187,
      "per_class_acc": [
        0.36882546652030734,
        0.39846322722283206,
        0.7771679473106476,
        0.12184412733260154,
        0.5532381997804611,
        0.36882546652030734,
        0.09659714599341383
      ]
    }
  }
}