{
  "method": "replay_only",
  "buffer_size_per_class": 200,
  "results_matrix": [
    [
      0.6759055982436882,
      null,
      null,
      null
    ],
    [
      0.6690450054884742,
      0.5225027442371021,
      null,
      null
    ],
    [
      0.6588913282107574,
      0.5677277716794731,
      0.4729235272594219,
      null
    ],
    [
      0.6668496158068057,
      0.6017563117453348,
      0.44383461397731433,
      0.5038419319429198
    ]
  ],
  "bwt": 0.013702890596414219,
  "avg_acc": 0.5540706183680937
}