{
  "finetune": {
    "0": {
      "acc": 0.12019758507135017,
      "far": 1.0,
      "fdr": 1.0,
      "per_class_acc": [
        0.0,
        0.0,
        0.0,
        0.0,
        0.0,
        0.0,
        0.0,
        0.0,
        0.0,
        0.0,
        0.0,
        0.0,
        0.0,
        0.0,
        0.0,
        0.150384193194292,
        0.08122941822173436,
        0.7727771679473107,
        0.747530186608123,
        0.09989023051591657,
        0.7266739846322722,
        0.06586169045005488
      ]
    },
    "0.1": {
      "acc": 0.12129527991218442,
      "far": 1.0,
      "fdr": 1.0,
      "per_class_acc": [
        0.0,
        0.0,
        0.0,
        0.0,
        0.0,
        0.0,
        0.0,
        0.0,
        0.0,
        0.0,
        0.0,
        0.0,
        0.0,
        0.0,
        0.0,
        0.1668496158068057,
        0.09769484083424808,
        0.7727771679473107,
        0.7486278814489572,
        0.10318331503841932,
        0.7145993413830956,
        0.06476399560922064
      ]
    },
    "0.3": {
      "acc": 0.11266340684562419,
      "far": 1.0,
      "fdr": 1.0,
      "per_class_acc": [
        0.0,
        0.0,
        0.0,
        0.0,
        0.0,
        0.0,
        0.0,
        0.0,
        0.0,
        0.0,
        0.0,
        0.0,
        0.0,
        0.0,
        0.0,
        0.09879253567508232,
        0.16794731064763996,
        0.7694840834248079,
        0.7530186608122942,
        0.05817782656421515,
        0.5543358946212953,
        0.07683863885839737
      ]
    },
    "0.5": {
      "acc": 0.09999002095599241,
      "far": 1.0,
      "fdr": 1.0,
      "per_class_acc": [
        0.0,
        0.0,
        0.0,
        0.0,
        0.0,
        0.0,
        0.0,
        0.0,
        0.0,
        0.0,
        0.0,
        0.0,
        0.0,
        0.0,
        0.0,
        0.01756311745334797,
        0.3589462129527991,
        0.7661909989023051,
        0.75192096597146,
        0.007683863885839737,
        0.23161361141602635,
        0.06586169045005488
      ]
    }
  },
  "ewc_only": {
    "0": {
      "acc": 0.1682466819678675,
      "far": 0.9901207464324918,
      "fdr": 0.9846845434112174,
      "per_class_acc": [
        0.009879253567508232,
        0.0,
        0.0,
        0.0,
        0.0,
        0.0,
        0.0,
        0.0,
        0.0,
        0.0,
        0.0,
        0.0,
        0.0,
        0.0,
        0.0,
        0.3611416026344676,
        0.3062568605927552,
        0.8100987925356751,
        0.7596048298572997,
        0.7244785949506037,
        0.7277716794731065,
        0.0021953896816684962
      ]
    },
    "0.1": {
      "acc": 0.16694940624688154,
      "far": 0.986827661909989,
      "fdr": 0.986043594166536,
      "per_class_acc": [
        0.013172338090010977,
        0.0,
        0.0,
        0.0,
        0.0,
        0.0,
        0.0,
        0.0,
        0.0,
        0.0,
        0.0,
        0.0,
        0.0,
        0.0,
        0.0,
        0.32711306256860595,
        0.29747530186608123,
        0.8100987925356751,
        0.7596048298572997,
        0.7552140504939627,
        0.7058177826564215,
        0.0043907793633369925
      ]
    },
    "0.3": {
      "acc": 0.15332801117652928,
      "far": 0.9901207464324918,
      "fdr": 0.9908525429930479,
      "per_class_acc": [
        0.009879253567508232,
        0.0,
        0.0,
        0.0,
        0.0,
        0.0,
        0.0,
        0.0,
        0.0,
        0.0,
        0.0,
        0.0,
        0.0,
        0.0,
        0.0,
        0.12843029637760703,
        0.20636663007683864,
        0.8177826564215148,
        0.7672886937431395,
        0.8605927552140505,
        0.566410537870472,
        0.01646542261251372
      ]
    },
    "0.5": {
      "acc": 0.11166550244486578,
      "far": 0.9967069154774972,
      "fdr": 0.9955569494537662,
      "per_class_acc": [
        0.003293084522502744,
        0.0,
        0.0,
        0.0,
        0.0,
        0.0,
        0.0,
        0.0,
        0.0,
        0.0,
        0.0,
        0.0,
        0.0,
        0.0,
        0.0,
        0.0010976948408342481,
        0.0043907793633369925,
        0.8375411635565313,
        0.7683863885839737,
        0.6212952799121844,
        0.21734357848518113,
        0.003293084522502744
      ]
    }
  },
  "replay_only": {
    "0": {
      "acc": 0.5393673286099192,
      "far": 0.3358946212952799,
      "fdr": 0.9591762061575454,
      "per_class_acc": [
        0.6641053787047201,
        0.8441273326015367,
        0.814489571899012,
        0.3446761800219539,
        0.867178924259056,
        0.33260153677277715,
        0.6114160263446762,
        0.8254665203073546,
        0.3721185510428101,
        0.45773874862788144,
        0.38419319429198684,
        0.17453347969264543,
        0.6234906695938529,
        0.1690450054884742,
        0.854006586169045,
        0.49176728869374314,
        0.5521405049396267,
        0.8331503841931943,
        0.23600439077936333,
        0.7178924259055982,
        0.6125137211855104,
        0.08342480790340286
      ]
    },
    "0.1": {
      "acc": 0.5355752918870372,
      "far": 0.32821075740944017,
      "fdr": 0.9600648162667921,
      "per_class_acc": [
        0.6717892425905598,
        0.8441273326015367,
        0.814489571899012,
        0.3172338090010977,
        0.862788144895719,
        0.3413830954994512,
        0.610318331503842,
        0.8254665203073546,
        0.3732162458836443,
        0.41931942919868276,
        0.38748627881448955,
        0.20856201975850713,
        0.6322722283205269,
        0.17014270032930845,
        0.8562019758507134,
        0.43907793633369924,
        0.5433589462129528,
        0.8320526893523601,
        0.2283205268935236,
        0.7310647639956093,
        0.5960482985729967,
        0.07793633369923161
      ]
    },
    "0.3": {
      "acc": 0.5096796726873566,
      "far": 0.3929747530186608,
      "fdr": 0.9672259683236631,
      "per_class_acc": [
        0.6070252469813392,
        0.8408342480790341,
        0.8177826564215148,
        0.278814489571899,
        0.7969264544456641,
        0.442371020856202,
        0.5861690450054885,
        0.8243688254665203,
        0.3940724478594951,
        0.265642151481888,
        0.45115257958287597,
        0.21075740944017562,
        0.6531284302963776,
        0.1690450054884742,
        0.8605927552140505,
        0.14050493962678376,
        0.5082327113062569,
        0.8353457738748628,
        0.2349066959385291,
        0.7222832052689352,
        0.5532381997804611,
        0.019758507135016465
      ]
    },
    "0.5": {
      "acc": 0.4270032930845225,
      "far": 0.5850713501646543,
      "fdr": 0.9754325440384716,
      "per_class_acc": [
        0.4149286498353458,
        0.8430296377607025,
        0.818880351262349,
        0.17453347969264543,
        0.45554335894621295,
        0.6981339187705817,
        0.5301866081229418,
        0.8046103183315039,
        0.424807903402854,
        0.06915477497255763,
        0.4621295279912184,
        0.10537870472008781,
        0.6893523600439078,
        0.17233809001097694,
        0.8704720087815587,
        0.0043907793633369925,
        0.17453347969264543,
        0.827661909989023,
        0.22941822173435786,
        0.3633369923161361,
        0.26125137211855104,
        0.0
      ]
    }
  },
  "proposed": {
    "0": {
      "acc": 0.46557229817383494,
      "far": 0.34796926454445665,
      "fdr": 0.9486174272123779,